timestamp,job_id,filename,vehicle_id,vehicle_type,license_plate,confidence,red_light_violation,color,make_model,speed_kph,frame_time
2026-03-12T22:15:24.999274,1d4ae758-9b17-464a-8c4b-bde25ac32458,gettyimages-610274798-640_adpp.mp4,VH-0004,truck,,0.5,False,,,,0.0
2026-03-12T22:15:24.999274,1d4ae758-9b17-464a-8c4b-bde25ac32458,gettyimages-610274798-640_adpp.mp4,VH-0003,car,,0.76,False,,,,5.0
2026-03-12T22:15:24.999274,1d4ae758-9b17-464a-8c4b-bde25ac32458,gettyimages-610274798-640_adpp.mp4,VH-0002,car,,0.587,False,,,,2.0
2026-03-12T22:15:24.999274,1d4ae758-9b17-464a-8c4b-bde25ac32458,gettyimages-610274798-640_adpp.mp4,VH-0001,car,,0.862,False,,,,1.5
2026-03-12T22:15:24.999274,1d4ae758-9b17-464a-8c4b-bde25ac32458,gettyimages-610274798-640_adpp.mp4,VH-0005,truck,,0.431,False,,,,1.0
2026-03-12T22:15:24.999274,1d4ae758-9b17-464a-8c4b-bde25ac32458,gettyimages-610274798-640_adpp.mp4,VH-0008,car,,0.39,False,,,,4.5
2026-03-12T22:15:24.999274,1d4ae758-9b17-464a-8c4b-bde25ac32458,gettyimages-610274798-640_adpp.mp4,VH-0011,car,,0.398,False,,,,5.51
2026-03-12T22:15:24.999274,1d4ae758-9b17-464a-8c4b-bde25ac32458,gettyimages-610274798-640_adpp.mp4,VH-0016,car,,0.639,False,,,,10.51
2026-03-12T22:15:24.999274,1d4ae758-9b17-464a-8c4b-bde25ac32458,gettyimages-610274798-640_adpp.mp4,VH-0022,car,8O,0.901,False,,,,16.52
2026-03-12T22:25:37.910474,088ac29c-a4fe-4fd2-bddb-4b3bf14de863,gettyimages-610274798-640_adpp.mp4,VH-0004,car,,0.311,False,,,,0.0
2026-03-12T22:25:37.910474,088ac29c-a4fe-4fd2-bddb-4b3bf14de863,gettyimages-610274798-640_adpp.mp4,VH-0003,car,,0.463,False,,,,3.5
2026-03-12T22:25:37.910474,088ac29c-a4fe-4fd2-bddb-4b3bf14de863,gettyimages-610274798-640_adpp.mp4,VH-0002,truck,,0.792,False,,,,0.0
2026-03-12T22:25:37.910474,088ac29c-a4fe-4fd2-bddb-4b3bf14de863,gettyimages-610274798-640_adpp.mp4,VH-0001,car,,0.682,False,,,,17.52
2026-03-12T22:25:37.910474,088ac29c-a4fe-4fd2-bddb-4b3bf14de863,gettyimages-610274798-640_adpp.mp4,VH-0007,car,,0.658,False,,,,2.5
2026-03-12T22:25:37.910474,088ac29c-a4fe-4fd2-bddb-4b3bf14de863,gettyimages-610274798-640_adpp.mp4,VH-0006,car,,0.77,False,,,,16.52
2026-03-12T22:25:37.910474,088ac29c-a4fe-4fd2-bddb-4b3bf14de863,gettyimages-610274798-640_adpp.mp4,VH-0005,truck,,0.759,False,,,,0.5
2026-03-12T22:25:37.910474,088ac29c-a4fe-4fd2-bddb-4b3bf14de863,gettyimages-610274798-640_adpp.mp4,VH-0010,car,,0.658,False,,,,2.5
2026-03-12T22:25:37.910474,088ac29c-a4fe-4fd2-bddb-4b3bf14de863,gettyimages-610274798-640_adpp.mp4,VH-0009,car,,0.357,False,,,,1.0
2026-03-12T22:25:37.910474,088ac29c-a4fe-4fd2-bddb-4b3bf14de863,gettyimages-610274798-640_adpp.mp4,VH-0008,car,,0.705,False,,,,3.0
2026-03-12T22:25:37.910474,088ac29c-a4fe-4fd2-bddb-4b3bf14de863,gettyimages-610274798-640_adpp.mp4,VH-0014,car,,0.347,False,,,,6.51
2026-03-12T22:25:37.910474,088ac29c-a4fe-4fd2-bddb-4b3bf14de863,gettyimages-610274798-640_adpp.mp4,VH-0015,car,,0.396,False,,,,12.51
2026-03-12T22:25:37.910474,088ac29c-a4fe-4fd2-bddb-4b3bf14de863,gettyimages-610274798-640_adpp.mp4,VH-0024,car,,0.912,True,,,,17.52
2026-03-12T22:44:08.312482,d47c24a3-7ac7-44c7-81e7-390a869536f1,gettyimages-610274798-640_adpp.mp4,VH-0004,car,,0.314,False,,,,0.1
2026-03-12T22:44:08.312482,d47c24a3-7ac7-44c7-81e7-390a869536f1,gettyimages-610274798-640_adpp.mp4,VH-0003,car,,0.442,True,,,,3.8
2026-03-12T22:44:08.312482,d47c24a3-7ac7-44c7-81e7-390a869536f1,gettyimages-610274798-640_adpp.mp4,VH-0002,truck,,0.522,True,,,,2.2
2026-03-12T22:44:08.312482,d47c24a3-7ac7-44c7-81e7-390a869536f1,gettyimages-610274798-640_adpp.mp4,VH-0001,car,,0.654,False,,,,12.51
2026-03-12T22:44:08.312482,d47c24a3-7ac7-44c7-81e7-390a869536f1,gettyimages-610274798-640_adpp.mp4,VH-0005,car,,0.714,True,,,,1.7
2026-03-12T22:44:08.312482,d47c24a3-7ac7-44c7-81e7-390a869536f1,gettyimages-610274798-640_adpp.mp4,VH-0006,car,,0.617,True,,,,12.61
2026-03-12T22:44:08.312482,d47c24a3-7ac7-44c7-81e7-390a869536f1,gettyimages-610274798-640_adpp.mp4,VH-0008,car,,0.755,True,,,,2.2
2026-03-12T22:44:08.312482,d47c24a3-7ac7-44c7-81e7-390a869536f1,gettyimages-610274798-640_adpp.mp4,VH-0007,car,,0.357,False,,,,1.0
2026-03-12T22:44:08.312482,d47c24a3-7ac7-44c7-81e7-390a869536f1,gettyimages-610274798-640_adpp.mp4,VH-0015,car,,0.376,True,,,,3.7
2026-03-12T22:44:08.312482,d47c24a3-7ac7-44c7-81e7-390a869536f1,gettyimages-610274798-640_adpp.mp4,VH-0016,car,,0.681,True,,,,2.7
2026-03-12T22:44:08.312482,d47c24a3-7ac7-44c7-81e7-390a869536f1,gettyimages-610274798-640_adpp.mp4,VH-0019,car,,0.388,False,,,,3.4
2026-03-12T22:44:08.312482,d47c24a3-7ac7-44c7-81e7-390a869536f1,gettyimages-610274798-640_adpp.mp4,VH-0021,car,,0.676,True,,,,3.6
2026-03-12T22:44:08.312482,d47c24a3-7ac7-44c7-81e7-390a869536f1,gettyimages-610274798-640_adpp.mp4,VH-0025,car,,0.311,False,,,,6.91
2026-03-12T22:44:08.312482,d47c24a3-7ac7-44c7-81e7-390a869536f1,gettyimages-610274798-640_adpp.mp4,VH-0027,car,,0.315,True,,,,5.0
2026-03-12T22:44:08.312482,d47c24a3-7ac7-44c7-81e7-390a869536f1,gettyimages-610274798-640_adpp.mp4,VH-0032,car,,0.367,True,,,,10.81
2026-03-12T22:44:08.312482,d47c24a3-7ac7-44c7-81e7-390a869536f1,gettyimages-610274798-640_adpp.mp4,VH-0039,car,,0.388,True,,,,9.71
2026-03-12T22:44:08.312482,d47c24a3-7ac7-44c7-81e7-390a869536f1,gettyimages-610274798-640_adpp.mp4,VH-0045,car,,0.314,True,,,,12.91
2026-03-12T22:44:08.312482,d47c24a3-7ac7-44c7-81e7-390a869536f1,gettyimages-610274798-640_adpp.mp4,VH-0047,car,,0.308,True,,,,12.21
2026-03-12T22:44:08.312482,d47c24a3-7ac7-44c7-81e7-390a869536f1,gettyimages-610274798-640_adpp.mp4,VH-0048,car,,0.304,True,,,,12.71
2026-03-12T22:44:08.312482,d47c24a3-7ac7-44c7-81e7-390a869536f1,gettyimages-610274798-640_adpp.mp4,VH-0051,car,,0.692,True,,,,12.81
2026-03-12T22:44:08.312482,d47c24a3-7ac7-44c7-81e7-390a869536f1,gettyimages-610274798-640_adpp.mp4,VH-0052,car,,0.912,False,,,,17.52
2026-03-12T22:44:08.312482,d47c24a3-7ac7-44c7-81e7-390a869536f1,gettyimages-610274798-640_adpp.mp4,VH-0049,car,,0.35,True,,,,12.91
2026-03-12T22:44:08.312482,d47c24a3-7ac7-44c7-81e7-390a869536f1,gettyimages-610274798-640_adpp.mp4,VH-0054,car,,0.707,True,,,,16.22
2026-03-12T22:44:08.312482,d47c24a3-7ac7-44c7-81e7-390a869536f1,gettyimages-610274798-640_adpp.mp4,VH-0053,car,,0.353,True,,,,14.81
2026-03-12T22:44:08.312482,d47c24a3-7ac7-44c7-81e7-390a869536f1,gettyimages-610274798-640_adpp.mp4,VH-0059,car,,0.761,True,,,,16.62
2026-03-12T22:44:08.312482,d47c24a3-7ac7-44c7-81e7-390a869536f1,gettyimages-610274798-640_adpp.mp4,VH-0071,car,,0.416,True,,,,16.62
2026-03-12T22:44:08.312482,d47c24a3-7ac7-44c7-81e7-390a869536f1,gettyimages-610274798-640_adpp.mp4,VH-0073,car,,0.689,True,,,,17.52
2026-03-12T22:44:08.312482,d47c24a3-7ac7-44c7-81e7-390a869536f1,gettyimages-610274798-640_adpp.mp4,VH-0075,car,,0.682,True,,,,17.52
2026-03-12T22:44:08.312482,d47c24a3-7ac7-44c7-81e7-390a869536f1,gettyimages-610274798-640_adpp.mp4,VH-0078,car,,0.805,True,,,,17.52
2026-03-12T22:49:06.905335,25475357-c402-42c4-bfaa-c6b884b01473,gettyimages-610274798-640_adpp.mp4,VH-0004,car,,0.311,False,,,,0.0
2026-03-12T22:49:06.905335,25475357-c402-42c4-bfaa-c6b884b01473,gettyimages-610274798-640_adpp.mp4,VH-0003,car,,0.463,False,,,,3.5
2026-03-12T22:49:06.905335,25475357-c402-42c4-bfaa-c6b884b01473,gettyimages-610274798-640_adpp.mp4,VH-0002,truck,,0.792,False,,,,0.0
2026-03-12T22:49:06.905335,25475357-c402-42c4-bfaa-c6b884b01473,gettyimages-610274798-640_adpp.mp4,VH-0001,car,,0.682,False,,,,17.52
2026-03-12T22:49:06.905335,25475357-c402-42c4-bfaa-c6b884b01473,gettyimages-610274798-640_adpp.mp4,VH-0007,car,,0.658,False,,,,2.5
2026-03-12T22:49:06.905335,25475357-c402-42c4-bfaa-c6b884b01473,gettyimages-610274798-640_adpp.mp4,VH-0006,car,,0.77,False,,,,16.52
2026-03-12T22:49:06.905335,25475357-c402-42c4-bfaa-c6b884b01473,gettyimages-610274798-640_adpp.mp4,VH-0005,truck,,0.759,False,,,,0.5
2026-03-12T22:49:06.905335,25475357-c402-42c4-bfaa-c6b884b01473,gettyimages-610274798-640_adpp.mp4,VH-0010,car,,0.658,False,,,,2.5
2026-03-12T22:49:06.905335,25475357-c402-42c4-bfaa-c6b884b01473,gettyimages-610274798-640_adpp.mp4,VH-0009,car,,0.357,False,,,,1.0
2026-03-12T22:49:06.905335,25475357-c402-42c4-bfaa-c6b884b01473,gettyimages-610274798-640_adpp.mp4,VH-0008,car,,0.705,False,,,,3.0
2026-03-12T22:49:06.905335,25475357-c402-42c4-bfaa-c6b884b01473,gettyimages-610274798-640_adpp.mp4,VH-0014,car,,0.347,False,,,,6.51
2026-03-12T22:49:06.905335,25475357-c402-42c4-bfaa-c6b884b01473,gettyimages-610274798-640_adpp.mp4,VH-0015,car,,0.396,False,,,,12.51
2026-03-12T22:49:06.905335,25475357-c402-42c4-bfaa-c6b884b01473,gettyimages-610274798-640_adpp.mp4,VH-0024,car,,0.912,True,,,,17.52
2026-03-12T23:01:54.722453,cffc6138-e9e1-4b97-b5ad-5d9e8f2a345d,gettyimages-610274798-640_adpp.mp4,VH-0004,car,,0.311,False,,,,0.0
2026-03-12T23:01:54.722453,cffc6138-e9e1-4b97-b5ad-5d9e8f2a345d,gettyimages-610274798-640_adpp.mp4,VH-0003,car,,0.463,False,,,,3.5
2026-03-12T23:01:54.722453,cffc6138-e9e1-4b97-b5ad-5d9e8f2a345d,gettyimages-610274798-640_adpp.mp4,VH-0002,truck,,0.792,False,,,,0.0
2026-03-12T23:01:54.722453,cffc6138-e9e1-4b97-b5ad-5d9e8f2a345d,gettyimages-610274798-640_adpp.mp4,VH-0001,car,,0.682,False,,,,17.52
2026-03-12T23:01:54.722453,cffc6138-e9e1-4b97-b5ad-5d9e8f2a345d,gettyimages-610274798-640_adpp.mp4,VH-0007,car,,0.658,False,,,,2.5
2026-03-12T23:01:54.722453,cffc6138-e9e1-4b97-b5ad-5d9e8f2a345d,gettyimages-610274798-640_adpp.mp4,VH-0006,car,,0.77,False,,,,16.52
2026-03-12T23:01:54.722453,cffc6138-e9e1-4b97-b5ad-5d9e8f2a345d,gettyimages-610274798-640_adpp.mp4,VH-0005,truck,,0.759,False,,,,0.5
2026-03-12T23:01:54.722453,cffc6138-e9e1-4b97-b5ad-5d9e8f2a345d,gettyimages-610274798-640_adpp.mp4,VH-0010,car,,0.658,False,,,,2.5
2026-03-12T23:01:54.722453,cffc6138-e9e1-4b97-b5ad-5d9e8f2a345d,gettyimages-610274798-640_adpp.mp4,VH-0009,car,,0.357,False,,,,1.0
2026-03-12T23:01:54.722453,cffc6138-e9e1-4b97-b5ad-5d9e8f2a345d,gettyimages-610274798-640_adpp.mp4,VH-0008,car,,0.705,False,,,,3.0
2026-03-12T23:01:54.722453,cffc6138-e9e1-4b97-b5ad-5d9e8f2a345d,gettyimages-610274798-640_adpp.mp4,VH-0014,car,,0.347,False,,,,6.51
2026-03-12T23:01:54.722453,cffc6138-e9e1-4b97-b5ad-5d9e8f2a345d,gettyimages-610274798-640_adpp.mp4,VH-0015,car,,0.396,False,,,,12.51
2026-03-12T23:01:54.722453,cffc6138-e9e1-4b97-b5ad-5d9e8f2a345d,gettyimages-610274798-640_adpp.mp4,VH-0024,car,,0.912,True,,,,17.52
2026-03-12T23:04:38.952453,85b1afe8-c3aa-411f-8b68-b8af5ebe5292,traffic_video_01_trimmed.avi,VH-0048,car,,0.482,False,,,,1.2
2026-03-12T23:04:38.952453,85b1afe8-c3aa-411f-8b68-b8af5ebe5292,traffic_video_01_trimmed.avi,VH-0047,car,,0.325,False,,,,1.2
2026-03-12T23:04:38.952453,85b1afe8-c3aa-411f-8b68-b8af5ebe5292,traffic_video_01_trimmed.avi,VH-0046,truck,,0.534,False,,,,0.0
2026-03-12T23:04:38.952453,85b1afe8-c3aa-411f-8b68-b8af5ebe5292,traffic_video_01_trimmed.avi,VH-0045,car,,0.361,False,,,,1.2
2026-03-12T23:04:38.952453,85b1afe8-c3aa-411f-8b68-b8af5ebe5292,traffic_video_01_trimmed.avi,VH-0044,car,,0.504,False,,,,0.0
2026-03-12T23:04:38.952453,85b1afe8-c3aa-411f-8b68-b8af5ebe5292,traffic_video_01_trimmed.avi,VH-0043,car,,0.533,False,,,,0.0
2026-03-12T23:04:38.952453,85b1afe8-c3aa-411f-8b68-b8af5ebe5292,traffic_video_01_trimmed.avi,VH-0042,truck,,0.534,False,,,,0.0
2026-03-12T23:04:38.952453,85b1afe8-c3aa-411f-8b68-b8af5ebe5292,traffic_video_01_trimmed.avi,VH-0041,car,,0.583,False,,,,0.0
2026-03-12T23:04:38.952453,85b1afe8-c3aa-411f-8b68-b8af5ebe5292,traffic_video_01_trimmed.avi,VH-0040,truck,,0.672,False,,,,1.8
2026-03-12T23:04:38.952453,85b1afe8-c3aa-411f-8b68-b8af5ebe5292,traffic_video_01_trimmed.avi,VH-0039,car,,0.732,False,,,,0.0
2026-03-12T23:04:38.952453,85b1afe8-c3aa-411f-8b68-b8af5ebe5292,traffic_video_01_trimmed.avi,VH-0038,car,,0.744,False,,,,0.0
2026-03-12T23:04:38.952453,85b1afe8-c3aa-411f-8b68-b8af5ebe5292,traffic_video_01_trimmed.avi,VH-0037,car,,0.755,False,,,,0.0
2026-03-12T23:04:38.952453,85b1afe8-c3aa-411f-8b68-b8af5ebe5292,traffic_video_01_trimmed.avi,VH-0036,car,,0.329,False,,,,1.8
2026-03-12T23:04:38.952453,85b1afe8-c3aa-411f-8b68-b8af5ebe5292,traffic_video_01_trimmed.avi,VH-0035,car,,0.822,False,,,,0.0
2026-03-12T23:04:38.952453,85b1afe8-c3aa-411f-8b68-b8af5ebe5292,traffic_video_01_trimmed.avi,VH-0056,car,,0.516,False,,,,0.6
2026-03-12T23:04:38.952453,85b1afe8-c3aa-411f-8b68-b8af5ebe5292,traffic_video_01_trimmed.avi,VH-0055,car,,0.516,False,,,,0.6
2026-03-12T23:04:38.952453,85b1afe8-c3aa-411f-8b68-b8af5ebe5292,traffic_video_01_trimmed.avi,VH-0054,car,,0.527,False,,,,0.6
2026-03-12T23:04:38.952453,85b1afe8-c3aa-411f-8b68-b8af5ebe5292,traffic_video_01_trimmed.avi,VH-0053,car,,0.535,False,,,,0.6
2026-03-12T23:04:38.952453,85b1afe8-c3aa-411f-8b68-b8af5ebe5292,traffic_video_01_trimmed.avi,VH-0052,car,,0.565,False,,,,0.6
2026-03-12T23:04:38.952453,85b1afe8-c3aa-411f-8b68-b8af5ebe5292,traffic_video_01_trimmed.avi,VH-0051,car,,0.594,False,,,,0.6
2026-03-12T23:04:38.952453,85b1afe8-c3aa-411f-8b68-b8af5ebe5292,traffic_video_01_trimmed.avi,VH-0050,car,,0.792,False,,,,0.6
2026-03-12T23:04:38.952453,85b1afe8-c3aa-411f-8b68-b8af5ebe5292,traffic_video_01_trimmed.avi,VH-0049,car,,0.881,False,,,,0.6
2026-03-12T23:04:38.952453,85b1afe8-c3aa-411f-8b68-b8af5ebe5292,traffic_video_01_trimmed.avi,VH-0062,car,,0.312,False,,,,1.2
2026-03-12T23:04:38.952453,85b1afe8-c3aa-411f-8b68-b8af5ebe5292,traffic_video_01_trimmed.avi,VH-0061,car,,0.644,False,,,,1.2
2026-03-12T23:04:38.952453,85b1afe8-c3aa-411f-8b68-b8af5ebe5292,traffic_video_01_trimmed.avi,VH-0060,car,,0.715,False,,,,1.2
2026-03-12T23:04:38.952453,85b1afe8-c3aa-411f-8b68-b8af5ebe5292,traffic_video_01_trimmed.avi,VH-0059,car,,0.784,False,,,,1.2
2026-03-12T23:04:38.952453,85b1afe8-c3aa-411f-8b68-b8af5ebe5292,traffic_video_01_trimmed.avi,VH-0058,car,,0.807,False,,,,1.2
2026-03-12T23:04:38.952453,85b1afe8-c3aa-411f-8b68-b8af5ebe5292,traffic_video_01_trimmed.avi,VH-0057,truck,JUCL ABOCS,0.813,False,,,,1.2
2026-03-12T23:04:38.952453,85b1afe8-c3aa-411f-8b68-b8af5ebe5292,traffic_video_01_trimmed.avi,VH-0085,truck,,0.658,False,,,,6.0
2026-03-12T23:04:38.952453,85b1afe8-c3aa-411f-8b68-b8af5ebe5292,traffic_video_01_trimmed.avi,VH-0114,truck,,0.412,False,,,,9.0
2026-03-12T23:04:38.952453,85b1afe8-c3aa-411f-8b68-b8af5ebe5292,traffic_video_01_trimmed.avi,VH-0141,truck,,0.786,False,,,,13.2
2026-03-12T23:04:38.952453,85b1afe8-c3aa-411f-8b68-b8af5ebe5292,traffic_video_01_trimmed.avi,VH-0172,bus,,0.667,False,,,,13.8
2026-03-12T23:04:38.952453,85b1afe8-c3aa-411f-8b68-b8af5ebe5292,traffic_video_01_trimmed.avi,VH-0205,car,,0.331,False,,,,15.6
2026-03-12T23:04:38.952453,85b1afe8-c3aa-411f-8b68-b8af5ebe5292,traffic_video_01_trimmed.avi,VH-0247,car,,0.44,False,,,,19.2
2026-03-12T23:04:38.952453,85b1afe8-c3aa-411f-8b68-b8af5ebe5292,traffic_video_01_trimmed.avi,VH-0327,car,,0.33,False,,,,25.2
2026-03-12T23:04:38.952453,85b1afe8-c3aa-411f-8b68-b8af5ebe5292,traffic_video_01_trimmed.avi,VH-0330,truck,,0.783,False,,,,27.6
2026-03-12T23:04:38.952453,85b1afe8-c3aa-411f-8b68-b8af5ebe5292,traffic_video_01_trimmed.avi,VH-0357,truck,,0.596,False,,,,26.4
2026-03-12T23:04:38.952453,85b1afe8-c3aa-411f-8b68-b8af5ebe5292,traffic_video_01_trimmed.avi,VH-0409,truck,,0.353,False,,,,28.8
2026-03-12T23:04:38.952453,85b1afe8-c3aa-411f-8b68-b8af5ebe5292,traffic_video_01_trimmed.avi,VH-0406,truck,,0.725,False,,,,31.2
2026-03-12T23:04:38.952453,85b1afe8-c3aa-411f-8b68-b8af5ebe5292,traffic_video_01_trimmed.avi,VH-0433,truck,,0.332,False,,,,30.0
2026-03-12T23:04:38.952453,85b1afe8-c3aa-411f-8b68-b8af5ebe5292,traffic_video_01_trimmed.avi,VH-0486,truck,,0.57,False,,,,34.8
2026-03-12T23:04:38.952453,85b1afe8-c3aa-411f-8b68-b8af5ebe5292,traffic_video_01_trimmed.avi,VH-0546,truck,,0.388,False,,,,36.6
2026-03-12T23:04:38.952453,85b1afe8-c3aa-411f-8b68-b8af5ebe5292,traffic_video_01_trimmed.avi,VH-0537,car,,0.415,False,,,,36.6
2026-03-12T23:04:38.952453,85b1afe8-c3aa-411f-8b68-b8af5ebe5292,traffic_video_01_trimmed.avi,VH-0654,car,,0.418,False,,,,42.6
2026-03-12T23:04:38.952453,85b1afe8-c3aa-411f-8b68-b8af5ebe5292,traffic_video_01_trimmed.avi,VH-0674,car,,0.451,False,,,,44.4
2026-03-12T23:04:38.952453,85b1afe8-c3aa-411f-8b68-b8af5ebe5292,traffic_video_01_trimmed.avi,VH-0843,car,,0.364,False,,,,54.6
2026-03-12T23:04:38.952453,85b1afe8-c3aa-411f-8b68-b8af5ebe5292,traffic_video_01_trimmed.avi,VH-0846,car,,0.348,False,,,,56.4
2026-03-12T23:04:38.952453,85b1afe8-c3aa-411f-8b68-b8af5ebe5292,traffic_video_01_trimmed.avi,VH-0864,car,,0.334,False,,,,59.4
2026-03-12T23:04:38.952453,85b1afe8-c3aa-411f-8b68-b8af5ebe5292,traffic_video_01_trimmed.avi,VH-0876,bus,,0.441,False,,,,59.4
2026-03-12T23:04:38.952453,85b1afe8-c3aa-411f-8b68-b8af5ebe5292,traffic_video_01_trimmed.avi,VH-0904,truck,,0.784,False,,,,60.6
2026-03-12T23:04:38.952453,85b1afe8-c3aa-411f-8b68-b8af5ebe5292,traffic_video_01_trimmed.avi,VH-0933,truck,,0.573,False,,,,66.6
2026-03-12T23:04:38.952453,85b1afe8-c3aa-411f-8b68-b8af5ebe5292,traffic_video_01_trimmed.avi,VH-0992,car,,0.336,False,,,,67.2
2026-03-12T23:04:38.952453,85b1afe8-c3aa-411f-8b68-b8af5ebe5292,traffic_video_01_trimmed.avi,VH-0990,car,,0.335,False,,,,67.2
2026-03-12T23:04:38.952453,85b1afe8-c3aa-411f-8b68-b8af5ebe5292,traffic_video_01_trimmed.avi,VH-1029,truck,,0.389,False,,,,69.6
2026-03-12T23:04:38.952453,85b1afe8-c3aa-411f-8b68-b8af5ebe5292,traffic_video_01_trimmed.avi,VH-1036,bus,,0.814,False,,,,71.4
2026-03-12T23:04:38.952453,85b1afe8-c3aa-411f-8b68-b8af5ebe5292,traffic_video_01_trimmed.avi,VH-1035,car,,0.499,False,,,,71.4
2026-03-12T23:04:38.952453,85b1afe8-c3aa-411f-8b68-b8af5ebe5292,traffic_video_01_trimmed.avi,VH-1053,car,,0.534,False,,,,70.8
2026-03-12T23:04:38.952453,85b1afe8-c3aa-411f-8b68-b8af5ebe5292,traffic_video_01_trimmed.avi,VH-1073,car,,0.317,False,,,,72.6
2026-03-12T23:04:38.952453,85b1afe8-c3aa-411f-8b68-b8af5ebe5292,traffic_video_01_trimmed.avi,VH-1113,truck,,0.468,False,,,,76.8
2026-03-12T23:04:38.952453,85b1afe8-c3aa-411f-8b68-b8af5ebe5292,traffic_video_01_trimmed.avi,VH-1161,car,,0.314,False,,,,77.4
2026-03-12T23:04:38.952453,85b1afe8-c3aa-411f-8b68-b8af5ebe5292,traffic_video_01_trimmed.avi,VH-1160,truck,,0.392,False,,,,79.8
2026-03-12T23:04:38.952453,85b1afe8-c3aa-411f-8b68-b8af5ebe5292,traffic_video_01_trimmed.avi,VH-1194,car,,0.609,False,,,,79.8
2026-03-12T23:04:38.952453,85b1afe8-c3aa-411f-8b68-b8af5ebe5292,traffic_video_01_trimmed.avi,VH-1221,car,,0.607,False,,,,82.2
2026-03-12T23:04:38.952453,85b1afe8-c3aa-411f-8b68-b8af5ebe5292,traffic_video_01_trimmed.avi,VH-1261,car,,0.67,False,,,,87.6
2026-03-12T23:04:38.952453,85b1afe8-c3aa-411f-8b68-b8af5ebe5292,traffic_video_01_trimmed.avi,VH-1270,car,,0.358,False,,,,85.8
2026-03-12T23:04:38.952453,85b1afe8-c3aa-411f-8b68-b8af5ebe5292,traffic_video_01_trimmed.avi,VH-1298,car,,0.333,False,,,,87.6
2026-03-12T23:04:38.952453,85b1afe8-c3aa-411f-8b68-b8af5ebe5292,traffic_video_01_trimmed.avi,VH-1318,car,,0.631,False,,,,89.4
2026-03-12T23:04:38.952453,85b1afe8-c3aa-411f-8b68-b8af5ebe5292,traffic_video_01_trimmed.avi,VH-1327,car,,0.357,False,,,,89.4
2026-03-13T03:58:38.352217,7a3442d0-bb1d-4bcd-a78b-2f23271baf90,traffic_violation.mp4,VH-0012,car,,0.311,False,,,,0.0
2026-03-13T03:58:38.352217,7a3442d0-bb1d-4bcd-a78b-2f23271baf90,traffic_violation.mp4,VH-0011,car,,0.463,False,,,,3.5
2026-03-13T03:58:38.352217,7a3442d0-bb1d-4bcd-a78b-2f23271baf90,traffic_violation.mp4,VH-0010,truck,,0.792,False,,,,0.0
2026-03-13T03:58:38.352217,7a3442d0-bb1d-4bcd-a78b-2f23271baf90,traffic_violation.mp4,VH-0009,car,,0.682,False,,,,17.52
2026-03-13T03:58:38.352217,7a3442d0-bb1d-4bcd-a78b-2f23271baf90,traffic_violation.mp4,VH-0015,car,,0.658,False,,,,2.5
2026-03-13T03:58:38.352217,7a3442d0-bb1d-4bcd-a78b-2f23271baf90,traffic_violation.mp4,VH-0014,car,,0.77,False,,,,16.52
2026-03-13T03:58:38.352217,7a3442d0-bb1d-4bcd-a78b-2f23271baf90,traffic_violation.mp4,VH-0013,truck,,0.759,False,,,,0.5
2026-03-13T03:58:38.352217,7a3442d0-bb1d-4bcd-a78b-2f23271baf90,traffic_violation.mp4,VH-0018,car,,0.658,False,,,,2.5
2026-03-13T03:58:38.352217,7a3442d0-bb1d-4bcd-a78b-2f23271baf90,traffic_violation.mp4,VH-0017,car,,0.357,False,,,,1.0
2026-03-13T03:58:38.352217,7a3442d0-bb1d-4bcd-a78b-2f23271baf90,traffic_violation.mp4,VH-0016,car,,0.705,False,,,,3.0
2026-03-13T03:58:38.352217,7a3442d0-bb1d-4bcd-a78b-2f23271baf90,traffic_violation.mp4,VH-0089,car,,0.347,False,,,,6.51
2026-03-13T03:58:38.352217,7a3442d0-bb1d-4bcd-a78b-2f23271baf90,traffic_violation.mp4,VH-0127,car,,0.396,False,,,,12.51
2026-03-13T03:58:38.352217,7a3442d0-bb1d-4bcd-a78b-2f23271baf90,traffic_violation.mp4,VH-0207,car,,0.912,True,,,,17.52
2026-03-13T03:58:54.310092,65af6921-e4b1-42b7-b3cd-8bf3ca256dc4,traffic_video_07_trimmed.avi,VH-0008,car,,0.472,False,,,,0.0
2026-03-13T03:58:54.310092,65af6921-e4b1-42b7-b3cd-8bf3ca256dc4,traffic_video_07_trimmed.avi,VH-0007,car,,0.59,False,,,,0.0
2026-03-13T03:58:54.310092,65af6921-e4b1-42b7-b3cd-8bf3ca256dc4,traffic_video_07_trimmed.avi,VH-0006,truck,,0.678,False,,,,0.0
2026-03-13T03:58:54.310092,65af6921-e4b1-42b7-b3cd-8bf3ca256dc4,traffic_video_07_trimmed.avi,VH-0005,car,,0.624,False,,,,1.0
2026-03-13T03:58:54.310092,65af6921-e4b1-42b7-b3cd-8bf3ca256dc4,traffic_video_07_trimmed.avi,VH-0004,car,,0.706,False,,,,0.0
2026-03-13T03:58:54.310092,65af6921-e4b1-42b7-b3cd-8bf3ca256dc4,traffic_video_07_trimmed.avi,VH-0003,car,,0.766,False,,,,0.0
2026-03-13T03:58:54.310092,65af6921-e4b1-42b7-b3cd-8bf3ca256dc4,traffic_video_07_trimmed.avi,VH-0002,car,,0.79,False,,,,0.0
2026-03-13T03:58:54.310092,65af6921-e4b1-42b7-b3cd-8bf3ca256dc4,traffic_video_07_trimmed.avi,VH-0001,car,,0.817,False,,,,0.0
2026-03-13T03:58:54.310092,65af6921-e4b1-42b7-b3cd-8bf3ca256dc4,traffic_video_07_trimmed.avi,VH-0026,bus,,0.39,False,,,,0.5
2026-03-13T03:58:54.310092,65af6921-e4b1-42b7-b3cd-8bf3ca256dc4,traffic_video_07_trimmed.avi,VH-0025,bus,,0.39,False,,,,0.5
2026-03-13T03:58:54.310092,65af6921-e4b1-42b7-b3cd-8bf3ca256dc4,traffic_video_07_trimmed.avi,VH-0024,car,,0.684,False,,,,1.0
2026-03-13T03:58:54.310092,65af6921-e4b1-42b7-b3cd-8bf3ca256dc4,traffic_video_07_trimmed.avi,VH-0023,car,,0.638,False,,,,0.5
2026-03-13T03:58:54.310092,65af6921-e4b1-42b7-b3cd-8bf3ca256dc4,traffic_video_07_trimmed.avi,VH-0022,car,,0.722,False,,,,0.5
2026-03-13T03:58:54.310092,65af6921-e4b1-42b7-b3cd-8bf3ca256dc4,traffic_video_07_trimmed.avi,VH-0021,car,,0.772,False,,,,0.5
2026-03-13T03:58:54.310092,65af6921-e4b1-42b7-b3cd-8bf3ca256dc4,traffic_video_07_trimmed.avi,VH-0020,car,,0.786,False,,,,0.5
2026-03-13T03:58:54.310092,65af6921-e4b1-42b7-b3cd-8bf3ca256dc4,traffic_video_07_trimmed.avi,VH-0019,car,,0.8,False,,,,0.5
2026-03-13T03:58:54.310092,65af6921-e4b1-42b7-b3cd-8bf3ca256dc4,traffic_video_07_trimmed.avi,VH-0033,truck,,0.656,False,,,,1.0
2026-03-13T03:58:54.310092,65af6921-e4b1-42b7-b3cd-8bf3ca256dc4,traffic_video_07_trimmed.avi,VH-0032,truck,,0.562,False,,,,2.5
2026-03-13T03:58:54.310092,65af6921-e4b1-42b7-b3cd-8bf3ca256dc4,traffic_video_07_trimmed.avi,VH-0031,truck,,0.656,False,,,,1.0
2026-03-13T03:58:54.310092,65af6921-e4b1-42b7-b3cd-8bf3ca256dc4,traffic_video_07_trimmed.avi,VH-0030,car,,0.657,False,,,,1.0
2026-03-13T03:58:54.310092,65af6921-e4b1-42b7-b3cd-8bf3ca256dc4,traffic_video_07_trimmed.avi,VH-0029,car,,0.77,False,,,,1.0
2026-03-13T03:58:54.310092,65af6921-e4b1-42b7-b3cd-8bf3ca256dc4,traffic_video_07_trimmed.avi,VH-0028,car,,0.797,False,,,,1.0
2026-03-13T03:58:54.310092,65af6921-e4b1-42b7-b3cd-8bf3ca256dc4,traffic_video_07_trimmed.avi,VH-0027,car,,0.866,False,,,,1.0
2026-03-13T03:58:54.310092,65af6921-e4b1-42b7-b3cd-8bf3ca256dc4,traffic_video_07_trimmed.avi,VH-0057,truck,,0.512,False,,,,7.5
2026-03-13T03:58:54.310092,65af6921-e4b1-42b7-b3cd-8bf3ca256dc4,traffic_video_07_trimmed.avi,VH-0075,truck,,0.682,False,,,,6.0
2026-03-13T03:58:54.310092,65af6921-e4b1-42b7-b3cd-8bf3ca256dc4,traffic_video_07_trimmed.avi,VH-0177,truck,,0.784,False,,,,14.0
2026-03-13T03:58:54.310092,65af6921-e4b1-42b7-b3cd-8bf3ca256dc4,traffic_video_07_trimmed.avi,VH-0216,truck,,0.58,False,,,,17.0
2026-03-13T03:58:54.310092,65af6921-e4b1-42b7-b3cd-8bf3ca256dc4,traffic_video_07_trimmed.avi,VH-0225,truck,,0.384,False,,,,18.0
2026-03-13T03:58:54.310092,65af6921-e4b1-42b7-b3cd-8bf3ca256dc4,traffic_video_07_trimmed.avi,VH-0339,bus,,0.369,False,,,,24.5
2026-03-13T03:58:54.310092,65af6921-e4b1-42b7-b3cd-8bf3ca256dc4,traffic_video_07_trimmed.avi,VH-0364,car,,0.433,False,,,,24.5
2026-03-13T03:58:54.310092,65af6921-e4b1-42b7-b3cd-8bf3ca256dc4,traffic_video_07_trimmed.avi,VH-0442,truck,,0.75,True,,,,32.5
2026-03-13T03:58:54.310092,65af6921-e4b1-42b7-b3cd-8bf3ca256dc4,traffic_video_07_trimmed.avi,VH-0471,car,,0.49,False,,,,32.5
2026-03-13T03:58:54.310092,65af6921-e4b1-42b7-b3cd-8bf3ca256dc4,traffic_video_07_trimmed.avi,VH-0535,car,,0.559,False,,,,35.0
2026-03-13T03:58:54.310092,65af6921-e4b1-42b7-b3cd-8bf3ca256dc4,traffic_video_07_trimmed.avi,VH-0643,truck,,0.832,True,,,,46.0
2026-03-13T03:58:54.310092,65af6921-e4b1-42b7-b3cd-8bf3ca256dc4,traffic_video_07_trimmed.avi,VH-0692,car,,0.838,True,,,,51.5
2026-03-13T03:58:54.310092,65af6921-e4b1-42b7-b3cd-8bf3ca256dc4,traffic_video_07_trimmed.avi,VH-0721,bus,,0.716,False,,,,54.0
2026-03-13T03:58:54.310092,65af6921-e4b1-42b7-b3cd-8bf3ca256dc4,traffic_video_07_trimmed.avi,VH-0976,truck,,0.512,True,,,,76.0
2026-03-13T03:59:30.689927,f4363cd2-1d7f-4eca-b99f-b4233f06b1c8,traffic_violation.mp4,VH-1205,car,,0.311,False,,,,0.0
2026-03-13T03:59:30.689927,f4363cd2-1d7f-4eca-b99f-b4233f06b1c8,traffic_violation.mp4,VH-1204,car,,0.463,False,,,,3.5
2026-03-13T03:59:30.689927,f4363cd2-1d7f-4eca-b99f-b4233f06b1c8,traffic_violation.mp4,VH-1203,truck,,0.792,False,,,,0.0
2026-03-13T03:59:30.689927,f4363cd2-1d7f-4eca-b99f-b4233f06b1c8,traffic_violation.mp4,VH-1202,car,,0.682,False,,,,17.52
2026-03-13T03:59:30.689927,f4363cd2-1d7f-4eca-b99f-b4233f06b1c8,traffic_violation.mp4,VH-1208,car,,0.658,False,,,,2.5
2026-03-13T03:59:30.689927,f4363cd2-1d7f-4eca-b99f-b4233f06b1c8,traffic_violation.mp4,VH-1207,car,,0.77,False,,,,16.52
2026-03-13T03:59:30.689927,f4363cd2-1d7f-4eca-b99f-b4233f06b1c8,traffic_violation.mp4,VH-1206,truck,,0.759,False,,,,0.5
2026-03-13T03:59:30.689927,f4363cd2-1d7f-4eca-b99f-b4233f06b1c8,traffic_violation.mp4,VH-1211,car,,0.658,False,,,,2.5
2026-03-13T03:59:30.689927,f4363cd2-1d7f-4eca-b99f-b4233f06b1c8,traffic_violation.mp4,VH-1210,car,,0.357,False,,,,1.0
2026-03-13T03:59:30.689927,f4363cd2-1d7f-4eca-b99f-b4233f06b1c8,traffic_violation.mp4,VH-1209,car,,0.705,False,,,,3.0
2026-03-13T03:59:30.689927,f4363cd2-1d7f-4eca-b99f-b4233f06b1c8,traffic_violation.mp4,VH-1215,car,,0.347,False,,,,6.51
2026-03-13T03:59:30.689927,f4363cd2-1d7f-4eca-b99f-b4233f06b1c8,traffic_violation.mp4,VH-1216,car,,0.396,False,,,,12.51
2026-03-13T03:59:30.689927,f4363cd2-1d7f-4eca-b99f-b4233f06b1c8,traffic_violation.mp4,VH-1225,car,,0.912,True,,,,17.52
2026-03-13T04:00:48.508894,1b5abc3c-38b3-49da-ae13-4ada5f3b5c60,traffic_video_01_trimmed.avi,VH-1249,car,,0.482,False,,,,1.2
2026-03-13T04:00:48.508894,1b5abc3c-38b3-49da-ae13-4ada5f3b5c60,traffic_video_01_trimmed.avi,VH-1248,car,,0.325,False,,,,1.2
2026-03-13T04:00:48.508894,1b5abc3c-38b3-49da-ae13-4ada5f3b5c60,traffic_video_01_trimmed.avi,VH-1247,truck,,0.534,False,,,,0.0
2026-03-13T04:00:48.508894,1b5abc3c-38b3-49da-ae13-4ada5f3b5c60,traffic_video_01_trimmed.avi,VH-1246,car,,0.361,False,,,,1.2
2026-03-13T04:00:48.508894,1b5abc3c-38b3-49da-ae13-4ada5f3b5c60,traffic_video_01_trimmed.avi,VH-1245,car,,0.504,False,,,,0.0
2026-03-13T04:00:48.508894,1b5abc3c-38b3-49da-ae13-4ada5f3b5c60,traffic_video_01_trimmed.avi,VH-1244,car,,0.533,False,,,,0.0
2026-03-13T04:00:48.508894,1b5abc3c-38b3-49da-ae13-4ada5f3b5c60,traffic_video_01_trimmed.avi,VH-1243,truck,,0.534,False,,,,0.0
2026-03-13T04:00:48.508894,1b5abc3c-38b3-49da-ae13-4ada5f3b5c60,traffic_video_01_trimmed.avi,VH-1242,car,,0.583,False,,,,0.0
2026-03-13T04:00:48.508894,1b5abc3c-38b3-49da-ae13-4ada5f3b5c60,traffic_video_01_trimmed.avi,VH-1241,truck,,0.672,False,,,,1.8
2026-03-13T04:00:48.508894,1b5abc3c-38b3-49da-ae13-4ada5f3b5c60,traffic_video_01_trimmed.avi,VH-1240,car,,0.732,False,,,,0.0
2026-03-13T04:00:48.508894,1b5abc3c-38b3-49da-ae13-4ada5f3b5c60,traffic_video_01_trimmed.avi,VH-1239,car,,0.744,False,,,,0.0
2026-03-13T04:00:48.508894,1b5abc3c-38b3-49da-ae13-4ada5f3b5c60,traffic_video_01_trimmed.avi,VH-1238,car,,0.755,False,,,,0.0
2026-03-13T04:00:48.508894,1b5abc3c-38b3-49da-ae13-4ada5f3b5c60,traffic_video_01_trimmed.avi,VH-1237,car,,0.329,False,,,,1.8
2026-03-13T04:00:48.508894,1b5abc3c-38b3-49da-ae13-4ada5f3b5c60,traffic_video_01_trimmed.avi,VH-1236,car,,0.822,False,,,,0.0
2026-03-13T04:00:48.508894,1b5abc3c-38b3-49da-ae13-4ada5f3b5c60,traffic_video_01_trimmed.avi,VH-1257,car,,0.516,False,,,,0.6
2026-03-13T04:00:48.508894,1b5abc3c-38b3-49da-ae13-4ada5f3b5c60,traffic_video_01_trimmed.avi,VH-1256,car,,0.516,False,,,,0.6
2026-03-13T04:00:48.508894,1b5abc3c-38b3-49da-ae13-4ada5f3b5c60,traffic_video_01_trimmed.avi,VH-1255,car,,0.527,False,,,,0.6
2026-03-13T04:00:48.508894,1b5abc3c-38b3-49da-ae13-4ada5f3b5c60,traffic_video_01_trimmed.avi,VH-1254,car,,0.535,False,,,,0.6
2026-03-13T04:00:48.508894,1b5abc3c-38b3-49da-ae13-4ada5f3b5c60,traffic_video_01_trimmed.avi,VH-1253,car,,0.565,False,,,,0.6
2026-03-13T04:00:48.508894,1b5abc3c-38b3-49da-ae13-4ada5f3b5c60,traffic_video_01_trimmed.avi,VH-1252,car,,0.594,False,,,,0.6
2026-03-13T04:00:48.508894,1b5abc3c-38b3-49da-ae13-4ada5f3b5c60,traffic_video_01_trimmed.avi,VH-1251,car,,0.792,False,,,,0.6
2026-03-13T04:00:48.508894,1b5abc3c-38b3-49da-ae13-4ada5f3b5c60,traffic_video_01_trimmed.avi,VH-1250,car,,0.881,False,,,,0.6
2026-03-13T04:00:48.508894,1b5abc3c-38b3-49da-ae13-4ada5f3b5c60,traffic_video_01_trimmed.avi,VH-1263,car,,0.312,False,,,,1.2
2026-03-13T04:00:48.508894,1b5abc3c-38b3-49da-ae13-4ada5f3b5c60,traffic_video_01_trimmed.avi,VH-1262,car,,0.644,False,,,,1.2
2026-03-13T04:00:48.508894,1b5abc3c-38b3-49da-ae13-4ada5f3b5c60,traffic_video_01_trimmed.avi,VH-1261,car,,0.715,False,,,,1.2
2026-03-13T04:00:48.508894,1b5abc3c-38b3-49da-ae13-4ada5f3b5c60,traffic_video_01_trimmed.avi,VH-1260,car,,0.784,False,,,,1.2
2026-03-13T04:00:48.508894,1b5abc3c-38b3-49da-ae13-4ada5f3b5c60,traffic_video_01_trimmed.avi,VH-1259,car,,0.807,False,,,,1.2
2026-03-13T04:00:48.508894,1b5abc3c-38b3-49da-ae13-4ada5f3b5c60,traffic_video_01_trimmed.avi,VH-1258,truck,JUCL ABOCS,0.813,False,,,,1.2
2026-03-13T04:00:48.508894,1b5abc3c-38b3-49da-ae13-4ada5f3b5c60,traffic_video_01_trimmed.avi,VH-1286,truck,,0.658,False,,,,6.0
2026-03-13T04:00:48.508894,1b5abc3c-38b3-49da-ae13-4ada5f3b5c60,traffic_video_01_trimmed.avi,VH-1315,truck,,0.412,False,,,,9.0
2026-03-13T04:00:48.508894,1b5abc3c-38b3-49da-ae13-4ada5f3b5c60,traffic_video_01_trimmed.avi,VH-1342,truck,,0.786,False,,,,13.2
2026-03-13T04:00:48.508894,1b5abc3c-38b3-49da-ae13-4ada5f3b5c60,traffic_video_01_trimmed.avi,VH-1373,bus,,0.667,False,,,,13.8
2026-03-13T04:00:48.508894,1b5abc3c-38b3-49da-ae13-4ada5f3b5c60,traffic_video_01_trimmed.avi,VH-1406,car,,0.331,False,,,,15.6
2026-03-13T04:00:48.508894,1b5abc3c-38b3-49da-ae13-4ada5f3b5c60,traffic_video_01_trimmed.avi,VH-1448,car,,0.44,False,,,,19.2
2026-03-13T04:00:48.508894,1b5abc3c-38b3-49da-ae13-4ada5f3b5c60,traffic_video_01_trimmed.avi,VH-1528,car,,0.33,False,,,,25.2
2026-03-13T04:00:48.508894,1b5abc3c-38b3-49da-ae13-4ada5f3b5c60,traffic_video_01_trimmed.avi,VH-1531,truck,,0.783,False,,,,27.6
2026-03-13T04:00:48.508894,1b5abc3c-38b3-49da-ae13-4ada5f3b5c60,traffic_video_01_trimmed.avi,VH-1558,truck,,0.596,False,,,,26.4
2026-03-13T04:00:48.508894,1b5abc3c-38b3-49da-ae13-4ada5f3b5c60,traffic_video_01_trimmed.avi,VH-1610,truck,,0.353,False,,,,28.8
2026-03-13T04:00:48.508894,1b5abc3c-38b3-49da-ae13-4ada5f3b5c60,traffic_video_01_trimmed.avi,VH-1607,truck,,0.725,False,,,,31.2
2026-03-13T04:00:48.508894,1b5abc3c-38b3-49da-ae13-4ada5f3b5c60,traffic_video_01_trimmed.avi,VH-1634,truck,,0.332,False,,,,30.0
2026-03-13T04:00:48.508894,1b5abc3c-38b3-49da-ae13-4ada5f3b5c60,traffic_video_01_trimmed.avi,VH-1687,truck,,0.57,False,,,,34.8
2026-03-13T04:00:48.508894,1b5abc3c-38b3-49da-ae13-4ada5f3b5c60,traffic_video_01_trimmed.avi,VH-1747,truck,,0.388,False,,,,36.6
2026-03-13T04:00:48.508894,1b5abc3c-38b3-49da-ae13-4ada5f3b5c60,traffic_video_01_trimmed.avi,VH-1738,car,,0.415,False,,,,36.6
2026-03-13T04:00:48.508894,1b5abc3c-38b3-49da-ae13-4ada5f3b5c60,traffic_video_01_trimmed.avi,VH-1855,car,,0.418,False,,,,42.6
2026-03-13T04:00:48.508894,1b5abc3c-38b3-49da-ae13-4ada5f3b5c60,traffic_video_01_trimmed.avi,VH-1875,car,,0.451,False,,,,44.4
2026-03-13T04:00:48.508894,1b5abc3c-38b3-49da-ae13-4ada5f3b5c60,traffic_video_01_trimmed.avi,VH-2044,car,,0.364,False,,,,54.6
2026-03-13T04:00:48.508894,1b5abc3c-38b3-49da-ae13-4ada5f3b5c60,traffic_video_01_trimmed.avi,VH-2047,car,,0.348,False,,,,56.4
2026-03-13T04:00:48.508894,1b5abc3c-38b3-49da-ae13-4ada5f3b5c60,traffic_video_01_trimmed.avi,VH-2065,car,,0.334,False,,,,59.4
2026-03-13T04:00:48.508894,1b5abc3c-38b3-49da-ae13-4ada5f3b5c60,traffic_video_01_trimmed.avi,VH-2077,bus,,0.441,False,,,,59.4
2026-03-13T04:00:48.508894,1b5abc3c-38b3-49da-ae13-4ada5f3b5c60,traffic_video_01_trimmed.avi,VH-2105,truck,,0.784,False,,,,60.6
2026-03-13T04:00:48.508894,1b5abc3c-38b3-49da-ae13-4ada5f3b5c60,traffic_video_01_trimmed.avi,VH-2134,truck,,0.573,False,,,,66.6
2026-03-13T04:00:48.508894,1b5abc3c-38b3-49da-ae13-4ada5f3b5c60,traffic_video_01_trimmed.avi,VH-2193,car,,0.336,False,,,,67.2
2026-03-13T04:00:48.508894,1b5abc3c-38b3-49da-ae13-4ada5f3b5c60,traffic_video_01_trimmed.avi,VH-2191,car,,0.335,False,,,,67.2
2026-03-13T04:00:48.508894,1b5abc3c-38b3-49da-ae13-4ada5f3b5c60,traffic_video_01_trimmed.avi,VH-2230,truck,,0.389,False,,,,69.6
2026-03-13T04:00:48.508894,1b5abc3c-38b3-49da-ae13-4ada5f3b5c60,traffic_video_01_trimmed.avi,VH-2237,bus,,0.814,False,,,,71.4
2026-03-13T04:00:48.508894,1b5abc3c-38b3-49da-ae13-4ada5f3b5c60,traffic_video_01_trimmed.avi,VH-2236,car,,0.499,False,,,,71.4
2026-03-13T04:00:48.508894,1b5abc3c-38b3-49da-ae13-4ada5f3b5c60,traffic_video_01_trimmed.avi,VH-2254,car,,0.534,False,,,,70.8
2026-03-13T04:00:48.508894,1b5abc3c-38b3-49da-ae13-4ada5f3b5c60,traffic_video_01_trimmed.avi,VH-2274,car,,0.317,False,,,,72.6
2026-03-13T04:00:48.508894,1b5abc3c-38b3-49da-ae13-4ada5f3b5c60,traffic_video_01_trimmed.avi,VH-2314,truck,,0.468,False,,,,76.8
2026-03-13T04:00:48.508894,1b5abc3c-38b3-49da-ae13-4ada5f3b5c60,traffic_video_01_trimmed.avi,VH-2362,car,,0.314,False,,,,77.4
2026-03-13T04:00:48.508894,1b5abc3c-38b3-49da-ae13-4ada5f3b5c60,traffic_video_01_trimmed.avi,VH-2361,truck,,0.392,False,,,,79.8
2026-03-13T04:00:48.508894,1b5abc3c-38b3-49da-ae13-4ada5f3b5c60,traffic_video_01_trimmed.avi,VH-2395,car,,0.609,False,,,,79.8
2026-03-13T04:00:48.508894,1b5abc3c-38b3-49da-ae13-4ada5f3b5c60,traffic_video_01_trimmed.avi,VH-2422,car,,0.607,False,,,,82.2
2026-03-13T04:00:48.508894,1b5abc3c-38b3-49da-ae13-4ada5f3b5c60,traffic_video_01_trimmed.avi,VH-2462,car,,0.67,False,,,,87.6
2026-03-13T04:00:48.508894,1b5abc3c-38b3-49da-ae13-4ada5f3b5c60,traffic_video_01_trimmed.avi,VH-2471,car,,0.358,False,,,,85.8
2026-03-13T04:00:48.508894,1b5abc3c-38b3-49da-ae13-4ada5f3b5c60,traffic_video_01_trimmed.avi,VH-2499,car,,0.333,False,,,,87.6
2026-03-13T04:00:48.508894,1b5abc3c-38b3-49da-ae13-4ada5f3b5c60,traffic_video_01_trimmed.avi,VH-2519,car,,0.631,False,,,,89.4
2026-03-13T04:00:48.508894,1b5abc3c-38b3-49da-ae13-4ada5f3b5c60,traffic_video_01_trimmed.avi,VH-2528,car,,0.357,False,,,,89.4
2026-03-13T04:03:53.949274,01b0889c-dc6f-419b-a83c-51918f5ac99e,traffic01.jpg,VH-00000-00,car,,0.899,False,,,,0.0
2026-03-13T04:03:53.949274,01b0889c-dc6f-419b-a83c-51918f5ac99e,traffic01.jpg,VH-00000-01,car,,0.885,False,,,,0.0
2026-03-13T04:03:53.949274,01b0889c-dc6f-419b-a83c-51918f5ac99e,traffic01.jpg,VH-00000-02,car,,0.88,False,,,,0.0
2026-03-13T04:03:53.949274,01b0889c-dc6f-419b-a83c-51918f5ac99e,traffic01.jpg,VH-00000-03,car,,0.869,False,,,,0.0
2026-03-13T04:03:53.949274,01b0889c-dc6f-419b-a83c-51918f5ac99e,traffic01.jpg,VH-00000-04,car,,0.834,False,,,,0.0
2026-03-13T04:03:53.949274,01b0889c-dc6f-419b-a83c-51918f5ac99e,traffic01.jpg,VH-00000-05,car,,0.826,False,,,,0.0
2026-03-13T04:03:53.949274,01b0889c-dc6f-419b-a83c-51918f5ac99e,traffic01.jpg,VH-00000-06,car,,0.821,False,,,,0.0
2026-03-13T04:03:53.949274,01b0889c-dc6f-419b-a83c-51918f5ac99e,traffic01.jpg,VH-00000-07,car,,0.786,False,,,,0.0
2026-03-13T04:03:53.949274,01b0889c-dc6f-419b-a83c-51918f5ac99e,traffic01.jpg,VH-00000-08,car,,0.783,False,,,,0.0
2026-03-13T04:03:53.949274,01b0889c-dc6f-419b-a83c-51918f5ac99e,traffic01.jpg,VH-00000-09,car,,0.551,False,,,,0.0
2026-03-13T04:03:53.949274,01b0889c-dc6f-419b-a83c-51918f5ac99e,traffic01.jpg,VH-00000-10,car,,0.387,False,,,,0.0
2026-03-13T04:03:53.949274,01b0889c-dc6f-419b-a83c-51918f5ac99e,traffic01.jpg,VH-00000-11,motorcycle,,0.381,False,,,,0.0
2026-03-13T04:03:53.949274,01b0889c-dc6f-419b-a83c-51918f5ac99e,traffic01.jpg,VH-00000-12,car,,0.344,False,,,,0.0
2026-03-13T04:03:53.949274,01b0889c-dc6f-419b-a83c-51918f5ac99e,traffic01.jpg,VH-00000-13,car,,0.339,False,,,,0.0
2026-03-13T04:33:02.290162,bf612879-f68d-448e-a03b-d6ca44ad4bb7,traffic_violation.mp4,VH-2577,car,,0.311,False,,,,0.0
2026-03-13T04:33:02.290162,bf612879-f68d-448e-a03b-d6ca44ad4bb7,traffic_violation.mp4,VH-2576,car,,0.463,False,,,,3.5
2026-03-13T04:33:02.290162,bf612879-f68d-448e-a03b-d6ca44ad4bb7,traffic_violation.mp4,VH-2575,truck,,0.792,False,,,,0.0
2026-03-13T04:33:02.290162,bf612879-f68d-448e-a03b-d6ca44ad4bb7,traffic_violation.mp4,VH-2574,car,,0.682,False,,,,17.52
2026-03-13T04:33:02.290162,bf612879-f68d-448e-a03b-d6ca44ad4bb7,traffic_violation.mp4,VH-2580,car,,0.658,False,,,,2.5
2026-03-13T04:33:02.290162,bf612879-f68d-448e-a03b-d6ca44ad4bb7,traffic_violation.mp4,VH-2579,car,,0.77,False,,,,16.52
2026-03-13T04:33:02.290162,bf612879-f68d-448e-a03b-d6ca44ad4bb7,traffic_violation.mp4,VH-2578,truck,,0.759,False,,,,0.5
2026-03-13T04:33:02.290162,bf612879-f68d-448e-a03b-d6ca44ad4bb7,traffic_violation.mp4,VH-2583,car,,0.658,False,,,,2.5
2026-03-13T04:33:02.290162,bf612879-f68d-448e-a03b-d6ca44ad4bb7,traffic_violation.mp4,VH-2582,car,,0.357,False,,,,1.0
2026-03-13T04:33:02.290162,bf612879-f68d-448e-a03b-d6ca44ad4bb7,traffic_violation.mp4,VH-2581,car,,0.705,False,,,,3.0
2026-03-13T04:33:02.290162,bf612879-f68d-448e-a03b-d6ca44ad4bb7,traffic_violation.mp4,VH-2587,car,,0.347,False,,,,6.51
2026-03-13T04:33:02.290162,bf612879-f68d-448e-a03b-d6ca44ad4bb7,traffic_violation.mp4,VH-2588,car,,0.396,False,,,,12.51
2026-03-13T04:33:02.290162,bf612879-f68d-448e-a03b-d6ca44ad4bb7,traffic_violation.mp4,VH-2597,car,,0.912,True,,,,17.52
2026-03-13T04:35:15.505375,1afb8415-910f-4bd5-a47a-778e49168e01,traffic_violation.mp4,VH-2611,car,,0.311,False,,,,0.0
2026-03-13T04:35:15.505375,1afb8415-910f-4bd5-a47a-778e49168e01,traffic_violation.mp4,VH-2610,car,,0.463,False,,,,3.5
2026-03-13T04:35:15.505375,1afb8415-910f-4bd5-a47a-778e49168e01,traffic_violation.mp4,VH-2609,truck,,0.792,False,,,,0.0
2026-03-13T04:35:15.505375,1afb8415-910f-4bd5-a47a-778e49168e01,traffic_violation.mp4,VH-2608,car,,0.682,False,,,,17.52
2026-03-13T04:35:15.505375,1afb8415-910f-4bd5-a47a-778e49168e01,traffic_violation.mp4,VH-2614,car,,0.658,False,,,,2.5
2026-03-13T04:35:15.505375,1afb8415-910f-4bd5-a47a-778e49168e01,traffic_violation.mp4,VH-2613,car,,0.77,False,,,,16.52
2026-03-13T04:35:15.505375,1afb8415-910f-4bd5-a47a-778e49168e01,traffic_violation.mp4,VH-2612,truck,,0.759,False,,,,0.5
2026-03-13T04:35:15.505375,1afb8415-910f-4bd5-a47a-778e49168e01,traffic_violation.mp4,VH-2617,car,,0.658,False,,,,2.5
2026-03-13T04:35:15.505375,1afb8415-910f-4bd5-a47a-778e49168e01,traffic_violation.mp4,VH-2616,car,,0.357,False,,,,1.0
2026-03-13T04:35:15.505375,1afb8415-910f-4bd5-a47a-778e49168e01,traffic_violation.mp4,VH-2615,car,,0.705,False,,,,3.0
2026-03-13T04:35:15.505375,1afb8415-910f-4bd5-a47a-778e49168e01,traffic_violation.mp4,VH-2621,car,,0.347,False,,,,6.51
2026-03-13T04:35:15.505375,1afb8415-910f-4bd5-a47a-778e49168e01,traffic_violation.mp4,VH-2622,car,,0.396,False,,,,12.51
2026-03-13T04:35:15.505375,1afb8415-910f-4bd5-a47a-778e49168e01,traffic_violation.mp4,VH-2631,car,,0.912,True,,,,17.52
2026-03-13T04:37:46.383305,14c7aa0a-8214-44fa-8ad7-a7446ae200b6,traffic01.jpg,VH-00000-00,car,,0.899,False,,,,0.0
2026-03-13T04:37:46.383305,14c7aa0a-8214-44fa-8ad7-a7446ae200b6,traffic01.jpg,VH-00000-01,car,,0.885,False,,,,0.0
2026-03-13T04:37:46.383305,14c7aa0a-8214-44fa-8ad7-a7446ae200b6,traffic01.jpg,VH-00000-02,car,,0.88,False,,,,0.0
2026-03-13T04:37:46.383305,14c7aa0a-8214-44fa-8ad7-a7446ae200b6,traffic01.jpg,VH-00000-03,car,,0.869,False,,,,0.0
2026-03-13T04:37:46.383305,14c7aa0a-8214-44fa-8ad7-a7446ae200b6,traffic01.jpg,VH-00000-04,car,,0.834,False,,,,0.0
2026-03-13T04:37:46.383305,14c7aa0a-8214-44fa-8ad7-a7446ae200b6,traffic01.jpg,VH-00000-05,car,,0.826,False,,,,0.0
2026-03-13T04:37:46.383305,14c7aa0a-8214-44fa-8ad7-a7446ae200b6,traffic01.jpg,VH-00000-06,car,,0.821,False,,,,0.0
2026-03-13T04:37:46.383305,14c7aa0a-8214-44fa-8ad7-a7446ae200b6,traffic01.jpg,VH-00000-07,car,,0.786,False,,,,0.0
2026-03-13T04:37:46.383305,14c7aa0a-8214-44fa-8ad7-a7446ae200b6,traffic01.jpg,VH-00000-08,car,,0.783,False,,,,0.0
2026-03-13T04:37:46.383305,14c7aa0a-8214-44fa-8ad7-a7446ae200b6,traffic01.jpg,VH-00000-09,car,,0.551,False,,,,0.0
2026-03-13T04:37:46.383305,14c7aa0a-8214-44fa-8ad7-a7446ae200b6,traffic01.jpg,VH-00000-10,car,,0.387,False,,,,0.0
2026-03-13T04:37:46.383305,14c7aa0a-8214-44fa-8ad7-a7446ae200b6,traffic01.jpg,VH-00000-11,motorcycle,,0.381,False,,,,0.0
2026-03-13T04:37:46.383305,14c7aa0a-8214-44fa-8ad7-a7446ae200b6,traffic01.jpg,VH-00000-12,car,,0.344,False,,,,0.0
2026-03-13T04:37:46.383305,14c7aa0a-8214-44fa-8ad7-a7446ae200b6,traffic01.jpg,VH-00000-13,car,,0.339,False,,,,0.0
2026-03-13T04:37:49.271556,7aed454e-d628-4d21-b792-3d15e5e8c55b,traffic01.jpg,VH-00000-00,car,,0.899,False,,,,0.0
2026-03-13T04:37:49.271556,7aed454e-d628-4d21-b792-3d15e5e8c55b,traffic01.jpg,VH-00000-01,car,,0.885,False,,,,0.0
2026-03-13T04:37:49.271556,7aed454e-d628-4d21-b792-3d15e5e8c55b,traffic01.jpg,VH-00000-02,car,,0.88,False,,,,0.0
2026-03-13T04:37:49.271556,7aed454e-d628-4d21-b792-3d15e5e8c55b,traffic01.jpg,VH-00000-03,car,,0.869,False,,,,0.0
2026-03-13T04:37:49.271556,7aed454e-d628-4d21-b792-3d15e5e8c55b,traffic01.jpg,VH-00000-04,car,,0.834,False,,,,0.0
2026-03-13T04:37:49.271556,7aed454e-d628-4d21-b792-3d15e5e8c55b,traffic01.jpg,VH-00000-05,car,,0.826,False,,,,0.0
2026-03-13T04:37:49.271556,7aed454e-d628-4d21-b792-3d15e5e8c55b,traffic01.jpg,VH-00000-06,car,,0.821,False,,,,0.0
2026-03-13T04:37:49.271556,7aed454e-d628-4d21-b792-3d15e5e8c55b,traffic01.jpg,VH-00000-07,car,,0.786,False,,,,0.0
2026-03-13T04:37:49.271556,7aed454e-d628-4d21-b792-3d15e5e8c55b,traffic01.jpg,VH-00000-08,car,,0.783,False,,,,0.0
2026-03-13T04:37:49.271556,7aed454e-d628-4d21-b792-3d15e5e8c55b,traffic01.jpg,VH-00000-09,car,,0.551,False,,,,0.0
2026-03-13T04:37:49.271556,7aed454e-d628-4d21-b792-3d15e5e8c55b,traffic01.jpg,VH-00000-10,car,,0.387,False,,,,0.0
2026-03-13T04:37:49.271556,7aed454e-d628-4d21-b792-3d15e5e8c55b,traffic01.jpg,VH-00000-11,motorcycle,,0.381,False,,,,0.0
2026-03-13T04:37:49.271556,7aed454e-d628-4d21-b792-3d15e5e8c55b,traffic01.jpg,VH-00000-12,car,,0.344,False,,,,0.0
2026-03-13T04:37:49.271556,7aed454e-d628-4d21-b792-3d15e5e8c55b,traffic01.jpg,VH-00000-13,car,,0.339,False,,,,0.0
2026-03-13T04:37:51.348235,26a6a75e-104c-4605-92c7-746ea7d9e836,traffic01.jpg,VH-00000-00,car,,0.899,False,,,,0.0
2026-03-13T04:37:51.348235,26a6a75e-104c-4605-92c7-746ea7d9e836,traffic01.jpg,VH-00000-01,car,,0.885,False,,,,0.0
2026-03-13T04:37:51.348235,26a6a75e-104c-4605-92c7-746ea7d9e836,traffic01.jpg,VH-00000-02,car,,0.88,False,,,,0.0
2026-03-13T04:37:51.348235,26a6a75e-104c-4605-92c7-746ea7d9e836,traffic01.jpg,VH-00000-03,car,,0.869,False,,,,0.0
2026-03-13T04:37:51.348235,26a6a75e-104c-4605-92c7-746ea7d9e836,traffic01.jpg,VH-00000-04,car,,0.834,False,,,,0.0
2026-03-13T04:37:51.348235,26a6a75e-104c-4605-92c7-746ea7d9e836,traffic01.jpg,VH-00000-05,car,,0.826,False,,,,0.0
2026-03-13T04:37:51.348235,26a6a75e-104c-4605-92c7-746ea7d9e836,traffic01.jpg,VH-00000-06,car,,0.821,False,,,,0.0
2026-03-13T04:37:51.348235,26a6a75e-104c-4605-92c7-746ea7d9e836,traffic01.jpg,VH-00000-07,car,,0.786,False,,,,0.0
2026-03-13T04:37:51.348235,26a6a75e-104c-4605-92c7-746ea7d9e836,traffic01.jpg,VH-00000-08,car,,0.783,False,,,,0.0
2026-03-13T04:37:51.348235,26a6a75e-104c-4605-92c7-746ea7d9e836,traffic01.jpg,VH-00000-09,car,,0.551,False,,,,0.0
2026-03-13T04:37:51.348235,26a6a75e-104c-4605-92c7-746ea7d9e836,traffic01.jpg,VH-00000-10,car,,0.387,False,,,,0.0
2026-03-13T04:37:51.348235,26a6a75e-104c-4605-92c7-746ea7d9e836,traffic01.jpg,VH-00000-11,motorcycle,,0.381,False,,,,0.0
2026-03-13T04:37:51.348235,26a6a75e-104c-4605-92c7-746ea7d9e836,traffic01.jpg,VH-00000-12,car,,0.344,False,,,,0.0
2026-03-13T04:37:51.348235,26a6a75e-104c-4605-92c7-746ea7d9e836,traffic01.jpg,VH-00000-13,car,,0.339,False,,,,0.0
2026-03-13T04:38:10.092121,84cef202-50c7-46dd-8fc5-19f544b00f2d,traffic_video_01_trimmed.avi,VH-2573,car,,0.482,False,,,,1.2
2026-03-13T04:38:10.092121,84cef202-50c7-46dd-8fc5-19f544b00f2d,traffic_video_01_trimmed.avi,VH-2572,car,,0.325,False,,,,1.2
2026-03-13T04:38:10.092121,84cef202-50c7-46dd-8fc5-19f544b00f2d,traffic_video_01_trimmed.avi,VH-2571,truck,,0.534,False,,,,0.0
2026-03-13T04:38:10.092121,84cef202-50c7-46dd-8fc5-19f544b00f2d,traffic_video_01_trimmed.avi,VH-2570,car,,0.361,False,,,,1.2
2026-03-13T04:38:10.092121,84cef202-50c7-46dd-8fc5-19f544b00f2d,traffic_video_01_trimmed.avi,VH-2569,car,,0.504,False,,,,0.0
2026-03-13T04:38:10.092121,84cef202-50c7-46dd-8fc5-19f544b00f2d,traffic_video_01_trimmed.avi,VH-2568,car,,0.533,False,,,,0.0
2026-03-13T04:38:10.092121,84cef202-50c7-46dd-8fc5-19f544b00f2d,traffic_video_01_trimmed.avi,VH-2567,truck,,0.534,False,,,,0.0
2026-03-13T04:38:10.092121,84cef202-50c7-46dd-8fc5-19f544b00f2d,traffic_video_01_trimmed.avi,VH-2566,car,,0.583,False,,,,0.0
2026-03-13T04:38:10.092121,84cef202-50c7-46dd-8fc5-19f544b00f2d,traffic_video_01_trimmed.avi,VH-2565,truck,,0.672,False,,,,1.8
2026-03-13T04:38:10.092121,84cef202-50c7-46dd-8fc5-19f544b00f2d,traffic_video_01_trimmed.avi,VH-2564,car,,0.732,False,,,,0.0
2026-03-13T04:38:10.092121,84cef202-50c7-46dd-8fc5-19f544b00f2d,traffic_video_01_trimmed.avi,VH-2563,car,,0.744,False,,,,0.0
2026-03-13T04:38:10.092121,84cef202-50c7-46dd-8fc5-19f544b00f2d,traffic_video_01_trimmed.avi,VH-2562,car,,0.755,False,,,,0.0
2026-03-13T04:38:10.092121,84cef202-50c7-46dd-8fc5-19f544b00f2d,traffic_video_01_trimmed.avi,VH-2561,car,,0.329,False,,,,1.8
2026-03-13T04:38:10.092121,84cef202-50c7-46dd-8fc5-19f544b00f2d,traffic_video_01_trimmed.avi,VH-2560,car,,0.822,False,,,,0.0
2026-03-13T04:38:10.092121,84cef202-50c7-46dd-8fc5-19f544b00f2d,traffic_video_01_trimmed.avi,VH-2649,car,,0.516,False,,,,0.6
2026-03-13T04:38:10.092121,84cef202-50c7-46dd-8fc5-19f544b00f2d,traffic_video_01_trimmed.avi,VH-2648,car,,0.516,False,,,,0.6
2026-03-13T04:38:10.092121,84cef202-50c7-46dd-8fc5-19f544b00f2d,traffic_video_01_trimmed.avi,VH-2647,car,,0.527,False,,,,0.6
2026-03-13T04:38:10.092121,84cef202-50c7-46dd-8fc5-19f544b00f2d,traffic_video_01_trimmed.avi,VH-2646,car,,0.535,False,,,,0.6
2026-03-13T04:38:10.092121,84cef202-50c7-46dd-8fc5-19f544b00f2d,traffic_video_01_trimmed.avi,VH-2645,car,,0.565,False,,,,0.6
2026-03-13T04:38:10.092121,84cef202-50c7-46dd-8fc5-19f544b00f2d,traffic_video_01_trimmed.avi,VH-2644,car,,0.594,False,,,,0.6
2026-03-13T04:38:10.092121,84cef202-50c7-46dd-8fc5-19f544b00f2d,traffic_video_01_trimmed.avi,VH-2643,car,,0.792,False,,,,0.6
2026-03-13T04:38:10.092121,84cef202-50c7-46dd-8fc5-19f544b00f2d,traffic_video_01_trimmed.avi,VH-2642,car,,0.881,False,,,,0.6
2026-03-13T04:38:10.092121,84cef202-50c7-46dd-8fc5-19f544b00f2d,traffic_video_01_trimmed.avi,VH-2655,car,,0.312,False,,,,1.2
2026-03-13T04:38:10.092121,84cef202-50c7-46dd-8fc5-19f544b00f2d,traffic_video_01_trimmed.avi,VH-2654,car,,0.644,False,,,,1.2
2026-03-13T04:38:10.092121,84cef202-50c7-46dd-8fc5-19f544b00f2d,traffic_video_01_trimmed.avi,VH-2653,car,,0.715,False,,,,1.2
2026-03-13T04:38:10.092121,84cef202-50c7-46dd-8fc5-19f544b00f2d,traffic_video_01_trimmed.avi,VH-2652,car,,0.784,False,,,,1.2
2026-03-13T04:38:10.092121,84cef202-50c7-46dd-8fc5-19f544b00f2d,traffic_video_01_trimmed.avi,VH-2651,car,,0.807,False,,,,1.2
2026-03-13T04:38:10.092121,84cef202-50c7-46dd-8fc5-19f544b00f2d,traffic_video_01_trimmed.avi,VH-2650,truck,JUCL ABOCS,0.813,False,,,,1.2
2026-03-13T04:38:10.092121,84cef202-50c7-46dd-8fc5-19f544b00f2d,traffic_video_01_trimmed.avi,VH-2678,truck,,0.658,False,,,,6.0
2026-03-13T04:38:10.092121,84cef202-50c7-46dd-8fc5-19f544b00f2d,traffic_video_01_trimmed.avi,VH-2707,truck,,0.412,False,,,,9.0
2026-03-13T04:38:10.092121,84cef202-50c7-46dd-8fc5-19f544b00f2d,traffic_video_01_trimmed.avi,VH-2734,truck,,0.786,False,,,,13.2
2026-03-13T04:38:10.092121,84cef202-50c7-46dd-8fc5-19f544b00f2d,traffic_video_01_trimmed.avi,VH-2765,bus,,0.667,False,,,,13.8
2026-03-13T04:38:10.092121,84cef202-50c7-46dd-8fc5-19f544b00f2d,traffic_video_01_trimmed.avi,VH-2798,car,,0.331,False,,,,15.6
2026-03-13T04:38:10.092121,84cef202-50c7-46dd-8fc5-19f544b00f2d,traffic_video_01_trimmed.avi,VH-2840,car,,0.44,False,,,,19.2
2026-03-13T04:38:10.092121,84cef202-50c7-46dd-8fc5-19f544b00f2d,traffic_video_01_trimmed.avi,VH-2920,car,,0.33,False,,,,25.2
2026-03-13T04:38:10.092121,84cef202-50c7-46dd-8fc5-19f544b00f2d,traffic_video_01_trimmed.avi,VH-2923,truck,,0.783,False,,,,27.6
2026-03-13T04:38:10.092121,84cef202-50c7-46dd-8fc5-19f544b00f2d,traffic_video_01_trimmed.avi,VH-2950,truck,,0.596,False,,,,26.4
2026-03-13T04:38:10.092121,84cef202-50c7-46dd-8fc5-19f544b00f2d,traffic_video_01_trimmed.avi,VH-3002,truck,,0.353,False,,,,28.8
2026-03-13T04:38:10.092121,84cef202-50c7-46dd-8fc5-19f544b00f2d,traffic_video_01_trimmed.avi,VH-2999,truck,,0.725,False,,,,31.2
2026-03-13T04:38:10.092121,84cef202-50c7-46dd-8fc5-19f544b00f2d,traffic_video_01_trimmed.avi,VH-3026,truck,,0.332,False,,,,30.0
2026-03-13T04:38:10.092121,84cef202-50c7-46dd-8fc5-19f544b00f2d,traffic_video_01_trimmed.avi,VH-3079,truck,,0.57,False,,,,34.8
2026-03-13T04:38:10.092121,84cef202-50c7-46dd-8fc5-19f544b00f2d,traffic_video_01_trimmed.avi,VH-3139,truck,,0.388,False,,,,36.6
2026-03-13T04:38:10.092121,84cef202-50c7-46dd-8fc5-19f544b00f2d,traffic_video_01_trimmed.avi,VH-3130,car,,0.415,False,,,,36.6
2026-03-13T04:38:10.092121,84cef202-50c7-46dd-8fc5-19f544b00f2d,traffic_video_01_trimmed.avi,VH-3247,car,,0.418,False,,,,42.6
2026-03-13T04:38:10.092121,84cef202-50c7-46dd-8fc5-19f544b00f2d,traffic_video_01_trimmed.avi,VH-3267,car,,0.451,False,,,,44.4
2026-03-13T04:38:10.092121,84cef202-50c7-46dd-8fc5-19f544b00f2d,traffic_video_01_trimmed.avi,VH-3436,car,,0.364,False,,,,54.6
2026-03-13T04:38:10.092121,84cef202-50c7-46dd-8fc5-19f544b00f2d,traffic_video_01_trimmed.avi,VH-3439,car,,0.348,False,,,,56.4
2026-03-13T04:38:10.092121,84cef202-50c7-46dd-8fc5-19f544b00f2d,traffic_video_01_trimmed.avi,VH-3457,car,,0.334,False,,,,59.4
2026-03-13T04:38:10.092121,84cef202-50c7-46dd-8fc5-19f544b00f2d,traffic_video_01_trimmed.avi,VH-3469,bus,,0.441,False,,,,59.4
2026-03-13T04:38:10.092121,84cef202-50c7-46dd-8fc5-19f544b00f2d,traffic_video_01_trimmed.avi,VH-3497,truck,,0.784,False,,,,60.6
2026-03-13T04:38:10.092121,84cef202-50c7-46dd-8fc5-19f544b00f2d,traffic_video_01_trimmed.avi,VH-3526,truck,,0.573,False,,,,66.6
2026-03-13T04:38:10.092121,84cef202-50c7-46dd-8fc5-19f544b00f2d,traffic_video_01_trimmed.avi,VH-3585,car,,0.336,False,,,,67.2
2026-03-13T04:38:10.092121,84cef202-50c7-46dd-8fc5-19f544b00f2d,traffic_video_01_trimmed.avi,VH-3583,car,,0.335,False,,,,67.2
2026-03-13T04:38:10.092121,84cef202-50c7-46dd-8fc5-19f544b00f2d,traffic_video_01_trimmed.avi,VH-3622,truck,,0.389,False,,,,69.6
2026-03-13T04:38:10.092121,84cef202-50c7-46dd-8fc5-19f544b00f2d,traffic_video_01_trimmed.avi,VH-3629,bus,,0.814,False,,,,71.4
2026-03-13T04:38:10.092121,84cef202-50c7-46dd-8fc5-19f544b00f2d,traffic_video_01_trimmed.avi,VH-3628,car,,0.499,False,,,,71.4
2026-03-13T04:38:10.092121,84cef202-50c7-46dd-8fc5-19f544b00f2d,traffic_video_01_trimmed.avi,VH-3646,car,,0.534,False,,,,70.8
2026-03-13T04:38:10.092121,84cef202-50c7-46dd-8fc5-19f544b00f2d,traffic_video_01_trimmed.avi,VH-3666,car,,0.317,False,,,,72.6
2026-03-13T04:38:10.092121,84cef202-50c7-46dd-8fc5-19f544b00f2d,traffic_video_01_trimmed.avi,VH-3706,truck,,0.468,False,,,,76.8
2026-03-13T04:38:10.092121,84cef202-50c7-46dd-8fc5-19f544b00f2d,traffic_video_01_trimmed.avi,VH-3754,car,,0.314,False,,,,77.4
2026-03-13T04:38:10.092121,84cef202-50c7-46dd-8fc5-19f544b00f2d,traffic_video_01_trimmed.avi,VH-3753,truck,,0.392,False,,,,79.8
2026-03-13T04:38:10.092121,84cef202-50c7-46dd-8fc5-19f544b00f2d,traffic_video_01_trimmed.avi,VH-3787,car,,0.609,False,,,,79.8
2026-03-13T04:38:10.092121,84cef202-50c7-46dd-8fc5-19f544b00f2d,traffic_video_01_trimmed.avi,VH-3814,car,,0.607,False,,,,82.2
2026-03-13T04:38:10.092121,84cef202-50c7-46dd-8fc5-19f544b00f2d,traffic_video_01_trimmed.avi,VH-3854,car,,0.67,False,,,,87.6
2026-03-13T04:38:10.092121,84cef202-50c7-46dd-8fc5-19f544b00f2d,traffic_video_01_trimmed.avi,VH-3863,car,,0.358,False,,,,85.8
2026-03-13T04:38:10.092121,84cef202-50c7-46dd-8fc5-19f544b00f2d,traffic_video_01_trimmed.avi,VH-3891,car,,0.333,False,,,,87.6
2026-03-13T04:38:10.092121,84cef202-50c7-46dd-8fc5-19f544b00f2d,traffic_video_01_trimmed.avi,VH-3911,car,,0.631,False,,,,89.4
2026-03-13T04:38:10.092121,84cef202-50c7-46dd-8fc5-19f544b00f2d,traffic_video_01_trimmed.avi,VH-3920,car,,0.357,False,,,,89.4
2026-03-13T05:17:03.372537,1d3e1926-751b-4447-bf88-c6b4dae6188b,traffic_violation.mp4,VH-3955,car,,0.311,False,,,,0.0
2026-03-13T05:17:03.372537,1d3e1926-751b-4447-bf88-c6b4dae6188b,traffic_violation.mp4,VH-3954,car,,0.463,False,,,,3.5
2026-03-13T05:17:03.372537,1d3e1926-751b-4447-bf88-c6b4dae6188b,traffic_violation.mp4,VH-3953,truck,,0.792,False,,,,0.0
2026-03-13T05:17:03.372537,1d3e1926-751b-4447-bf88-c6b4dae6188b,traffic_violation.mp4,VH-3952,car,,0.682,False,,,,17.52
2026-03-13T05:17:03.372537,1d3e1926-751b-4447-bf88-c6b4dae6188b,traffic_violation.mp4,VH-3958,car,,0.658,False,,,,2.5
2026-03-13T05:17:03.372537,1d3e1926-751b-4447-bf88-c6b4dae6188b,traffic_violation.mp4,VH-3957,car,,0.77,False,,,,16.52
2026-03-13T05:17:03.372537,1d3e1926-751b-4447-bf88-c6b4dae6188b,traffic_violation.mp4,VH-3956,truck,,0.759,False,,,,0.5
2026-03-13T05:17:03.372537,1d3e1926-751b-4447-bf88-c6b4dae6188b,traffic_violation.mp4,VH-3961,car,,0.658,False,,,,2.5
2026-03-13T05:17:03.372537,1d3e1926-751b-4447-bf88-c6b4dae6188b,traffic_violation.mp4,VH-3960,car,,0.357,False,,,,1.0
2026-03-13T05:17:03.372537,1d3e1926-751b-4447-bf88-c6b4dae6188b,traffic_violation.mp4,VH-3959,car,,0.705,False,,,,3.0
2026-03-13T05:17:03.372537,1d3e1926-751b-4447-bf88-c6b4dae6188b,traffic_violation.mp4,VH-3965,car,,0.347,False,,,,6.51
2026-03-13T05:17:03.372537,1d3e1926-751b-4447-bf88-c6b4dae6188b,traffic_violation.mp4,VH-3966,car,,0.396,False,,,,12.51
2026-03-13T05:17:03.372537,1d3e1926-751b-4447-bf88-c6b4dae6188b,traffic_violation.mp4,VH-3975,car,,0.912,True,,,,17.52
2026-03-30T10:28:52.933471,f27e42fe-9446-4067-9b51-1196dd2fc5ba,traffic01.jpg,VH-00000-00,car,,0.899,False,,,,0.0
2026-03-30T10:28:52.933471,f27e42fe-9446-4067-9b51-1196dd2fc5ba,traffic01.jpg,VH-00000-01,car,,0.885,False,,,,0.0
2026-03-30T10:28:52.933471,f27e42fe-9446-4067-9b51-1196dd2fc5ba,traffic01.jpg,VH-00000-02,car,,0.88,False,,,,0.0
2026-03-30T10:28:52.933471,f27e42fe-9446-4067-9b51-1196dd2fc5ba,traffic01.jpg,VH-00000-03,car,,0.869,False,,,,0.0
2026-03-30T10:28:52.933471,f27e42fe-9446-4067-9b51-1196dd2fc5ba,traffic01.jpg,VH-00000-04,car,,0.834,False,,,,0.0
2026-03-30T10:28:52.933471,f27e42fe-9446-4067-9b51-1196dd2fc5ba,traffic01.jpg,VH-00000-05,car,,0.826,False,,,,0.0
2026-03-30T10:28:52.933471,f27e42fe-9446-4067-9b51-1196dd2fc5ba,traffic01.jpg,VH-00000-06,car,,0.821,False,,,,0.0
2026-03-30T10:28:52.933471,f27e42fe-9446-4067-9b51-1196dd2fc5ba,traffic01.jpg,VH-00000-07,car,,0.786,False,,,,0.0
2026-03-30T10:28:52.933471,f27e42fe-9446-4067-9b51-1196dd2fc5ba,traffic01.jpg,VH-00000-08,car,,0.783,False,,,,0.0
2026-03-30T10:28:52.933471,f27e42fe-9446-4067-9b51-1196dd2fc5ba,traffic01.jpg,VH-00000-09,car,,0.551,False,,,,0.0
2026-03-30T10:28:52.933471,f27e42fe-9446-4067-9b51-1196dd2fc5ba,traffic01.jpg,VH-00000-10,car,,0.387,False,,,,0.0
2026-03-30T10:28:52.933471,f27e42fe-9446-4067-9b51-1196dd2fc5ba,traffic01.jpg,VH-00000-11,motorcycle,,0.381,False,,,,0.0
2026-03-30T10:28:52.933471,f27e42fe-9446-4067-9b51-1196dd2fc5ba,traffic01.jpg,VH-00000-12,car,,0.344,False,,,,0.0
2026-03-30T10:28:52.933471,f27e42fe-9446-4067-9b51-1196dd2fc5ba,traffic01.jpg,VH-00000-13,car,,0.339,False,,,,0.0
2026-03-30T10:34:42.208912,1a086fc6-fb08-441c-822a-f89d2ece8f0e,traffic_violation.mp4,VH-0004,car,,0.311,False,,,,0.0
2026-03-30T10:34:42.208912,1a086fc6-fb08-441c-822a-f89d2ece8f0e,traffic_violation.mp4,VH-0003,car,,0.463,False,,,,3.5
2026-03-30T10:34:42.208912,1a086fc6-fb08-441c-822a-f89d2ece8f0e,traffic_violation.mp4,VH-0002,truck,,0.792,False,,,,0.0
2026-03-30T10:34:42.208912,1a086fc6-fb08-441c-822a-f89d2ece8f0e,traffic_violation.mp4,VH-0001,car,,0.682,False,,,,17.52
2026-03-30T10:34:42.208912,1a086fc6-fb08-441c-822a-f89d2ece8f0e,traffic_violation.mp4,VH-0007,car,,0.658,False,,,,2.5
2026-03-30T10:34:42.208912,1a086fc6-fb08-441c-822a-f89d2ece8f0e,traffic_violation.mp4,VH-0006,car,,0.77,False,,,,16.52
2026-03-30T10:34:42.208912,1a086fc6-fb08-441c-822a-f89d2ece8f0e,traffic_violation.mp4,VH-0005,truck,,0.759,False,,,,0.5
2026-03-30T10:34:42.208912,1a086fc6-fb08-441c-822a-f89d2ece8f0e,traffic_violation.mp4,VH-0010,car,,0.658,False,,,,2.5
2026-03-30T10:34:42.208912,1a086fc6-fb08-441c-822a-f89d2ece8f0e,traffic_violation.mp4,VH-0009,car,,0.357,False,,,,1.0
2026-03-30T10:34:42.208912,1a086fc6-fb08-441c-822a-f89d2ece8f0e,traffic_violation.mp4,VH-0008,car,,0.705,False,,,,3.0
2026-03-30T10:34:42.208912,1a086fc6-fb08-441c-822a-f89d2ece8f0e,traffic_violation.mp4,VH-0014,car,,0.347,False,,,,6.51
2026-03-30T10:34:42.208912,1a086fc6-fb08-441c-822a-f89d2ece8f0e,traffic_violation.mp4,VH-0015,car,,0.396,False,,,,12.51
2026-03-30T10:34:42.208912,1a086fc6-fb08-441c-822a-f89d2ece8f0e,traffic_violation.mp4,VH-0024,car,,0.912,True,,,,17.52
2026-03-30T10:46:41.903466,4cee6ef6-1d6c-445b-b425-36f66a96e6eb,traffic_violation.mp4,VH-0038,car,,0.311,False,,,,0.0
2026-03-30T10:46:41.903466,4cee6ef6-1d6c-445b-b425-36f66a96e6eb,traffic_violation.mp4,VH-0037,car,,0.463,False,,,,3.5
2026-03-30T10:46:41.903466,4cee6ef6-1d6c-445b-b425-36f66a96e6eb,traffic_violation.mp4,VH-0036,truck,,0.792,False,,,,0.0
2026-03-30T10:46:41.903466,4cee6ef6-1d6c-445b-b425-36f66a96e6eb,traffic_violation.mp4,VH-0035,car,,0.682,False,,,,17.52
2026-03-30T10:46:41.903466,4cee6ef6-1d6c-445b-b425-36f66a96e6eb,traffic_violation.mp4,VH-0041,car,,0.658,False,,,,2.5
2026-03-30T10:46:41.903466,4cee6ef6-1d6c-445b-b425-36f66a96e6eb,traffic_violation.mp4,VH-0040,car,,0.77,False,,,,16.52
2026-03-30T10:46:41.903466,4cee6ef6-1d6c-445b-b425-36f66a96e6eb,traffic_violation.mp4,VH-0039,truck,,0.759,False,,,,0.5
2026-03-30T10:46:41.903466,4cee6ef6-1d6c-445b-b425-36f66a96e6eb,traffic_violation.mp4,VH-0044,car,,0.658,False,,,,2.5
2026-03-30T10:46:41.903466,4cee6ef6-1d6c-445b-b425-36f66a96e6eb,traffic_violation.mp4,VH-0043,car,,0.357,False,,,,1.0
2026-03-30T10:46:41.903466,4cee6ef6-1d6c-445b-b425-36f66a96e6eb,traffic_violation.mp4,VH-0042,car,,0.705,False,,,,3.0
2026-03-30T10:46:41.903466,4cee6ef6-1d6c-445b-b425-36f66a96e6eb,traffic_violation.mp4,VH-0048,car,,0.347,False,,,,6.51
2026-03-30T10:46:41.903466,4cee6ef6-1d6c-445b-b425-36f66a96e6eb,traffic_violation.mp4,VH-0049,car,,0.396,False,,,,12.51
2026-03-30T10:46:41.903466,4cee6ef6-1d6c-445b-b425-36f66a96e6eb,traffic_violation.mp4,VH-0058,car,,0.912,True,,,,17.52
